{"cameraMode":{"drawMode":0,"name":"Shaded","section":"Shading Mode"},"sceneLighting":false,"audioPlay":false,"sceneViewState":{"m_AlwaysRefresh":false,"showFog":true,"showSkybox":false,"showFlares":true,"showImageEffects":true,"showParticleSystems":true,"showVisualEffectGraphs":true,"m_FxEnabled":false},"in2DMode":false,"pivot":{"x":-0.02507013827562332,"y":-0.0034816479310393335,"z":-0.357574462890625},"rotation":{"x":-0.13827158510684968,"y":-0.7310923933982849,"z":0.15595661103725434,"w":-0.6494228839874268},"size":0.3447311222553253,"orthographic":true}