{"cameraMode":{"drawMode":0,"name":"Shaded","section":"Shading Mode"},"sceneLighting":false,"audioPlay":false,"sceneViewState":{"m_AlwaysRefresh":false,"showFog":true,"showSkybox":false,"showFlares":true,"showImageEffects":true,"showParticleSystems":true,"showVisualEffectGraphs":true,"m_FxEnabled":true},"in2DMode":false,"pivot":{"x":-0.2080424427986145,"y":-0.10312151908874512,"z":0.12565472722053529},"rotation":{"x":-0.3780781626701355,"y":-0.2011035680770874,"z":0.0845065489411354,"w":-0.8997306823730469},"size":0.19921466708183289,"orthographic":true}