{"cameraMode":{"drawMode":0,"name":"Shaded","section":"Shading Mode"},"sceneLighting":false,"audioPlay":false,"sceneViewState":{"m_AlwaysRefresh":false,"showFog":true,"showSkybox":false,"showFlares":true,"showImageEffects":true,"showParticleSystems":true,"showVisualEffectGraphs":true,"m_FxEnabled":false},"in2DMode":false,"pivot":{"x":0.033119358122348788,"y":0.01417155098170042,"z":0.04553702101111412},"rotation":{"x":0.014404446817934513,"y":-0.6927664279937744,"z":-0.014033043757081032,"w":-0.7208886742591858},"size":0.057381805032491687,"orthographic":true}