{"cameraMode":{"drawMode":0,"name":"Shaded","section":"Shading Mode"},"sceneLighting":false,"audioPlay":false,"sceneViewState":{"m_AlwaysRefresh":false,"showFog":true,"showSkybox":false,"showFlares":true,"showImageEffects":true,"showParticleSystems":true,"showVisualEffectGraphs":true,"m_FxEnabled":false},"in2DMode":false,"pivot":{"x":-0.00022782385349273682,"y":-0.016963286325335504,"z":-0.6826573610305786},"rotation":{"x":0.02257372811436653,"y":-0.6641483306884766,"z":0.019745778292417527,"w":0.7467982769012451},"size":0.6894623637199402,"orthographic":true}