{"cameraMode":{"drawMode":0,"name":"Shaded","section":"Shading Mode"},"sceneLighting":false,"audioPlay":false,"sceneViewState":{"m_AlwaysRefresh":false,"showFog":true,"showSkybox":false,"showFlares":true,"showImageEffects":true,"showParticleSystems":true,"showVisualEffectGraphs":true,"m_FxEnabled":false},"in2DMode":false,"pivot":{"x":-0.2289595603942871,"y":1.310691237449646,"z":2.6221466064453127},"rotation":{"x":0.016234632581472398,"y":-0.9828307628631592,"z":0.15002061426639558,"w":0.10476605594158173},"size":1.0327513217926026,"orthographic":true}