{"cameraMode":{"drawMode":0,"name":"Shaded","section":"Shading Mode"},"sceneLighting":false,"audioPlay":false,"sceneViewState":{"m_AlwaysRefresh":false,"showFog":true,"showSkybox":false,"showFlares":true,"showImageEffects":true,"showParticleSystems":true,"showVisualEffectGraphs":true,"m_FxEnabled":false},"in2DMode":false,"pivot":{"x":-3.725290298461914e-9,"y":0.3238967955112457,"z":0.024898137897253038},"rotation":{"x":0.02728041633963585,"y":0.20838065445423127,"z":-0.005818292964249849,"w":0.9776559472084045},"size":0.028810586780309678,"orthographic":false}