{"cameraMode":{"drawMode":0,"name":"Shaded","section":"Shading Mode"},"sceneLighting":false,"audioPlay":false,"sceneViewState":{"m_AlwaysRefresh":false,"showFog":true,"showSkybox":false,"showFlares":true,"showImageEffects":true,"showParticleSystems":true,"showVisualEffectGraphs":true,"m_FxEnabled":false},"in2DMode":false,"pivot":{"x":1.100080132484436,"y":0.1304681897163391,"z":-0.0016445647925138474},"rotation":{"x":0.15641985833644868,"y":0.07132244855165482,"z":-0.011422081850469113,"w":0.9849660396575928},"size":0.34953543543815615,"orthographic":true}