{"cameraMode":{"drawMode":0,"name":"Shaded","section":"Shading Mode"},"sceneLighting":false,"audioPlay":false,"sceneViewState":{"m_AlwaysRefresh":false,"showFog":true,"showSkybox":false,"showFlares":true,"showImageEffects":true,"showParticleSystems":true,"showVisualEffectGraphs":true,"m_FxEnabled":true},"in2DMode":false,"pivot":{"x":0.1260731816291809,"y":-0.023510456085205079,"z":-0.06565603613853455},"rotation":{"x":0.06440147757530213,"y":0.9353983402252197,"z":-0.23517310619354249,"w":0.25616422295570376},"size":0.2442360669374466,"orthographic":false}