{"cameraMode":{"drawMode":2,"name":"Shaded Wireframe","section":"Shading Mode"},"sceneLighting":false,"audioPlay":false,"sceneViewState":{"m_AlwaysRefresh":false,"showFog":true,"showSkybox":true,"showFlares":true,"showImageEffects":true,"showParticleSystems":true,"showVisualEffectGraphs":true,"m_FxEnabled":false},"in2DMode":false,"pivot":{"x":1.4892749786376954,"y":0.7788251042366028,"z":0.0005749976262450218},"rotation":{"x":-0.03540434688329697,"y":-0.9060817360877991,"z":0.07704337686300278,"w":-0.4145481288433075},"size":0.15776556730270387,"orthographic":true}