{"cameraMode":{"drawMode":0,"name":"Shaded","section":"Shading Mode"},"sceneLighting":false,"audioPlay":false,"sceneViewState":{"m_AlwaysRefresh":false,"showFog":true,"showSkybox":false,"showFlares":true,"showImageEffects":true,"showParticleSystems":true,"showVisualEffectGraphs":true,"m_FxEnabled":false},"in2DMode":false,"pivot":{"x":1.5371496677398682,"y":0.6717672944068909,"z":-0.00042158528231084347},"rotation":{"x":0.22674639523029328,"y":0.48248091340065,"z":-0.13088957965373994,"w":0.8358744978904724},"size":0.022009875625371934,"orthographic":false}