{"cameraMode":{"drawMode":0,"name":"Shaded","section":"Shading Mode"},"sceneLighting":false,"audioPlay":false,"sceneViewState":{"m_AlwaysRefresh":false,"showFog":true,"showSkybox":false,"showFlares":true,"showImageEffects":true,"showParticleSystems":true,"showVisualEffectGraphs":true,"m_FxEnabled":false},"in2DMode":false,"pivot":{"x":-0.02507013827562332,"y":-0.0034816451370716097,"z":-0.3575745224952698},"rotation":{"x":0.24293020367622376,"y":-0.12564828991889954,"z":0.03133339807391167,"w":0.9612011313438416},"size":0.34473100304603579,"orthographic":true}